{
	"format_version": "1.8.0",
	"animations": {
		"attack1": {
			"animation_length": 2.25,
			"bones": {
				"wing_left": {
					"rotation": {
						"0.0": [60.68937, 67.66541, 99.89246],
						"1.0": [57.5, 45, 0],
						"1.25": [30.68937, 67.66541, 99.89246],
						"2.0": [57.5, 45, 0],
						"2.25": [60.68937, 67.66541, 99.89246]
					},
					"position": {
						"0.0": [0, -2, 0],
						"1.0": [0, 3, 0],
						"1.25": [0, -2, 0],
						"2.0": [0, 3, 0],
						"2.25": [0, -2, 0]
					}
				},
				"wing_left1": {
					"rotation": {
						"0.0": [-25, 0, 0],
						"1.0833": [25, 0, 0],
						"1.25": [-25, 0, 0],
						"2.0833": [25, 0, 0],
						"2.25": [-25, 0, 0]
					}
				},
				"wing_left2": {
					"rotation": {
						"0.0": [-20, 0, 0],
						"1.0417": [20, 0, 0],
						"1.25": [-20, 0, 0],
						"2.0417": [20, 0, 0],
						"2.25": [-20, 0, 0]
					}
				},
				"wing_left3": {
					"rotation": {
						"0.0": [-15, 0, 0],
						"1.0": [15, 0, 0],
						"1.25": [-15, 0, 0],
						"2.0": [15, 0, 0],
						"2.25": [-15, 0, 0]
					}
				},
				"wing_left4": {
					"rotation": {
						"0.0": [-10, 0, 0],
						"1.0": [10, 0, 0],
						"1.25": [-10, 0, 0],
						"2.0": [10, 0, 0],
						"2.25": [-10, 0, 0]
					}
				},
				"wing_right": {
					"rotation": {
						"0.0": [-60.68937, 67.66541, -99.89246],
						"1.0": [-60, 45, 0],
						"1.25": [-30.68937, 67.66541, -99.89246],
						"2.0": [-60, 45, 0],
						"2.25": [-60.68937, 67.66541, -99.89246]
					},
					"position": {
						"0.0": [0, -2, 0],
						"1.0": [0, 3, 0],
						"1.25": [0, -2, 0],
						"2.0": [0, 3, 0],
						"2.25": [0, -2, 0]
					}
				},
				"wing_right1": {
					"rotation": {
						"0.0": [25, 0, 0],
						"1.0833": [-25, 0, 0],
						"1.25": [25, 0, 0],
						"2.0833": [-25, 0, 0],
						"2.25": [25, 0, 0]
					}
				},
				"wing_right2": {
					"rotation": {
						"0.0": [20, 0, 0],
						"1.0417": [-20, 0, 0],
						"1.25": [20, 0, 0],
						"2.0417": [-20, 0, 0],
						"2.25": [20, 0, 0]
					}
				},
				"wing_right3": {
					"rotation": {
						"0.0": [15, 0, 0],
						"1.0": [-15, 0, 0],
						"1.25": [15, 0, 0],
						"2.0": [-15, 0, 0],
						"2.25": [15, 0, 0]
					}
				},
				"wing_right4": {
					"rotation": {
						"0.0": [10, 0, 0],
						"1.0": [-10, 0, 0],
						"1.25": [10, 0, 0],
						"2.0": [-10, 0, 0],
						"2.25": [10, 0, 0]
					}
				},
				"wing_right0": {
					"rotation": {
						"0.0": [30, 0, 0],
						"1.125": [-30, 0, 0],
						"1.25": [30, 0, 0],
						"2.125": [-30, 0, 0],
						"2.25": [30, 0, 0]
					}
				},
				"wing_left0": {
					"rotation": {
						"0.0": [-30, 0, 0],
						"1.125": [30, 0, 0],
						"1.25": [-30, 0, 0],
						"2.125": [30, 0, 0],
						"2.25": [-30, 0, 0]
					}
				},
				"body": {
					"rotation": {
						"0.0": [10, 0, 0],
						"1.0417": [-5, 0, 0],
						"1.25": [10, 0, 0],
						"2.0": [-5, 0, 0],
						"2.25": [10, 0, 0]
					},
					"position": {
						"0.0": [0, 3, 0],
						"1.0417": [0, -1, 0],
						"1.25": [0, 3, 0],
						"2.0": [0, -1, 0],
						"2.25": [0, 3, 0]
					}
				},
				"eye": {
					"position": {
						"0.0": [0, 2, 0],
						"1.0417": [0, -1, 2],
						"1.2083": [0, 2, -7],
						"1.375": [0, 2, 2],
						"1.5417": [0, 2, -7],
						"2.0": [0, -1, 2],
						"2.25": [0, 2, 0]
					}
				},
				"wing_left5": {
					"rotation": {
						"0.0": [68.18937, 67.66541, 99.89246],
						"1.0": [57.5, 45, 0],
						"1.25": [30.68937, 67.66541, 99.89246],
						"2.0": [57.5, 45, 0],
						"2.25": [68.18937, 67.66541, 99.89246]
					},
					"position": {
						"0.0": [0, -2, 0],
						"1.0": [0, 3, 0],
						"1.25": [0, -2, 0],
						"2.0": [0, 3, 0],
						"2.25": [0, -2, 0]
					}
				},
				"wing_left6": {
					"rotation": {
						"0.0": [-25, 0, 0],
						"1.0833": [25, 0, 0],
						"1.25": [-25, 0, 0],
						"2.0833": [25, 0, 0],
						"2.25": [-25, 0, 0]
					}
				},
				"wing_left7": {
					"rotation": {
						"0.0": [-20, 0, 0],
						"1.0417": [20, 0, 0],
						"1.25": [-20, 0, 0],
						"2.0417": [20, 0, 0],
						"2.25": [-20, 0, 0]
					}
				},
				"wing_left8": {
					"rotation": {
						"0.0": [-15, 0, 0],
						"1.0": [15, 0, 0],
						"1.25": [-15, 0, 0],
						"2.0": [15, 0, 0],
						"2.25": [-15, 0, 0]
					}
				},
				"wing_left9": {
					"rotation": {
						"0.0": [-10, 0, 0],
						"1.0": [10, 0, 0],
						"1.25": [-10, 0, 0],
						"2.0": [10, 0, 0],
						"2.25": [-10, 0, 0]
					}
				},
				"wing_left10": {
					"rotation": {
						"0.0": [-30, 0, 0],
						"1.125": [30, 0, 0],
						"1.25": [-30, 0, 0],
						"2.125": [30, 0, 0],
						"2.25": [-30, 0, 0]
					}
				},
				"wing_left11": {
					"rotation": {
						"0.0": [30.68937, 67.66541, 99.89246],
						"1.0": [57.5, 45, 0],
						"1.25": [30.68937, 67.66541, 99.89246],
						"2.0": [57.5, 45, 0],
						"2.25": [30.68937, 67.66541, 99.89246]
					},
					"position": {
						"0.0": [0, -2, 0],
						"1.0": [0, 3, 0],
						"1.25": [0, -2, 0],
						"2.0": [0, 3, 0],
						"2.25": [0, -2, 0]
					}
				},
				"wing_left12": {
					"rotation": {
						"0.0": [-25, 0, 0],
						"1.0833": [25, 0, 0],
						"1.25": [-25, 0, 0],
						"2.0833": [25, 0, 0],
						"2.25": [-25, 0, 0]
					}
				},
				"wing_left13": {
					"rotation": {
						"0.0": [-20, 0, 0],
						"1.0417": [20, 0, 0],
						"1.25": [-20, 0, 0],
						"2.0417": [20, 0, 0],
						"2.25": [-20, 0, 0]
					}
				},
				"wing_left14": {
					"rotation": {
						"0.0": [-15, 0, 0],
						"1.0": [15, 0, 0],
						"1.25": [-15, 0, 0],
						"2.0": [15, 0, 0],
						"2.25": [-15, 0, 0]
					}
				},
				"wing_left15": {
					"rotation": {
						"0.0": [-10, 0, 0],
						"1.0": [10, 0, 0],
						"1.25": [-10, 0, 0],
						"2.0": [10, 0, 0],
						"2.25": [-10, 0, 0]
					}
				},
				"wing_left16": {
					"rotation": {
						"0.0": [-30, 0, 0],
						"1.125": [30, 0, 0],
						"1.25": [-30, 0, 0],
						"2.125": [30, 0, 0],
						"2.25": [-30, 0, 0]
					}
				},
				"wing_right5": {
					"rotation": {
						"0.0": [-68.18937, 67.66541, -99.89246],
						"1.0": [-60, 45, 0],
						"1.25": [-30.68937, 67.66541, -99.89246],
						"2.0": [-60, 45, 0],
						"2.25": [-68.18937, 67.66541, -99.89246]
					},
					"position": {
						"0.0": [0, -2, 0],
						"1.0": [0, 3, 0],
						"1.25": [0, -2, 0],
						"2.0": [0, 3, 0],
						"2.25": [0, -2, 0]
					}
				},
				"wing_right6": {
					"rotation": {
						"0.0": [30, 0, 0],
						"1.125": [-30, 0, 0],
						"1.25": [30, 0, 0],
						"2.125": [-30, 0, 0],
						"2.25": [30, 0, 0]
					}
				},
				"wing_right7": {
					"rotation": {
						"0.0": [25, 0, 0],
						"1.0833": [-25, 0, 0],
						"1.25": [25, 0, 0],
						"2.0833": [-25, 0, 0],
						"2.25": [25, 0, 0]
					}
				},
				"wing_right8": {
					"rotation": {
						"0.0": [20, 0, 0],
						"1.0417": [-20, 0, 0],
						"1.25": [20, 0, 0],
						"2.0417": [-20, 0, 0],
						"2.25": [20, 0, 0]
					}
				},
				"wing_right9": {
					"rotation": {
						"0.0": [15, 0, 0],
						"1.0": [-15, 0, 0],
						"1.25": [15, 0, 0],
						"2.0": [-15, 0, 0],
						"2.25": [15, 0, 0]
					}
				},
				"wing_right10": {
					"rotation": {
						"0.0": [10, 0, 0],
						"1.0": [-10, 0, 0],
						"1.25": [10, 0, 0],
						"2.0": [-10, 0, 0],
						"2.25": [10, 0, 0]
					}
				},
				"wing_right11": {
					"rotation": {
						"0.0": [-30.68937, 67.66541, -99.89246],
						"1.0": [-60, 45, 0],
						"1.25": [-30.68937, 67.66541, -99.89246],
						"2.0": [-60, 45, 0],
						"2.25": [-30.68937, 67.66541, -99.89246]
					},
					"position": {
						"0.0": [0, -2, 0],
						"1.0": [0, 3, 0],
						"1.25": [0, -2, 0],
						"2.0": [0, 3, 0],
						"2.25": [0, -2, 0]
					}
				},
				"wing_right12": {
					"rotation": {
						"0.0": [30, 0, 0],
						"1.125": [-30, 0, 0],
						"1.25": [30, 0, 0],
						"2.125": [-30, 0, 0],
						"2.25": [30, 0, 0]
					}
				},
				"wing_right13": {
					"rotation": {
						"0.0": [25, 0, 0],
						"1.0833": [-25, 0, 0],
						"1.25": [25, 0, 0],